game,Away,Home,date,season,team,half,time_clock,half_time,ot_time,time_formula,time_setup,minutes,seconds,time_in_game,mu_md,goal_number,goal_type,additional_goals
DetroitMercyNorthwestern,DetroitMercy,Northwestern,2/7/20,2020,Northwestern,1,28:37,30:00,,1:23,1:23,1,23,1.383333333,mu,4,FP,26
CanisiusSyracuse,Canisius,Syracuse,2/7/20,2020,Syracuse,1,17:25,30:00,,12:35,12:35,12,35,12.58333333,,7,A,14
GardnerWebbDuke,GardnerWebb,Duke,2/7/20,2020,Duke,1,14:27,30:00,,15:33,15:33,15,33,15.55,,8,A,14
HowardPresbyterian,Howard,Presbyterian,2/7/20,2020,Presbyterian,1,14:22,30:00,,15:38,15:38,15,38,15.63333333,,6,UA,13
IonaLehigh,Iona,Lehigh,2/7/20,2020,Lehigh,1,11:28,30:00,,18:32,18:32,18,32,18.53333333,,6,UA,10
MercerHighPoint,Mercer,HighPoint,2/7/20,2020,HighPoint,2,26:31,30:00,,33:29,33:29,33,29,33.48333333,,12,A,6
DuquesneOhioState,Duquesne,OhioState,2/7/20,2020,OhioState,2,13:17,30:00,,46:43,46:43,46,43,46.71666667,,10,A,1
EastCarolinaFurman,EastCarolina,Furman,2/7/20,2020,Furman,2,13:06,30:00,,46:54,46:54,46,54,46.9,,12,A,2
StJosephsGeorgetown,StJosephs,Georgetown,2/8/20,2020,Georgetown,1,21:27,30:00,,8:33,8:33,8,33,8.55,,6,UA,13
GeorgeWashingtonTemple,GeorgeWashington,Temple,2/8/20,2020,Temple,1,8:42,30:00,,21:18,21:18,21,18,21.3,,9,A,8
SacredHeartBucknell,SacredHeart,Bucknell,2/8/20,2020,Bucknell,1,7:31,30:00,,22:29,22:29,22,29,22.48333333,,10,A,8
RadfordStFrancis,Radford,StFrancis,2/8/20,2020,Radford,1,6:21,30:00,,23:39,23:39,23,39,23.65,,9,A,6
MarylandGeorgeMason,Maryland,GeorgeMason,2/8/20,2020,Maryland,1,5:03,30:00,,24:57,24:57,24,57,24.95,,7,A,12
UNCJamesMadison,UNC,JamesMadison,2/8/20,2020,UNC,2,29:02,30:00,,30:58,30:58,30,58,30.96666667,,8,A,7
VermontMerrimack,Vermont,Merrimack,2/8/20,2020,Vermont,2,27:59,30:00,,32:01,32:01,32,1,32.01666667,,12,A,7
DavidsonVirginiaTech,Davidson,VirginiaTech,2/8/20,2020,VirginiaTech,2,25:08,30:00,,34:52,34:52,34,52,34.86666667,,11,A,6
MaristColgate,Marist,Colgate,2/8/20,2020,Colgate,2,24:47,30:00,,35:13,35:13,35,13,35.21666667,,10,A,4
CampbellElon,Campbell,Elon,2/8/20,2020,Elon,2,23:37,30:00,,36:23,36:23,36,23,36.38333333,,6,FP,6
StanfordDenver,Stanford,Denver,2/8/20,2020,Denver,2,23:11,30:00,,36:49,36:49,36,49,36.81666667,,14,FP,3
CoastalCarolinaOldDominion,CoastalCarolina,OldDominion,2/8/20,2020,CoastalCarolina,2,22:51,30:00,,37:09,37:09,37,9,37.15,mu,9,UA,3
PennStateTowson,PennState,Towson,2/8/20,2020,PennState,2,21:16,30:00,,38:44,38:44,38,44,38.73333333,,10,UA,2
VillanovaWilliamMary,Villanova,WilliamMary,2/8/20,2020,Villanova,2,20:49,30:00,,39:11,39:11,39,11,39.18333333,,13,FP,3
LIURutgers,LIU,Rutgers,2/8/20,2020,Rutgers,2,18:28,30:00,,41:32,41:32,41,32,41.53333333,,10,FP,5
HolyCrossFairfield,HolyCross,Fairfield,2/8/20,2020,HolyCross,2,15:28,30:00,,44:32,44:32,44,32,44.53333333,,9,UA,1
LibertyOregon,Liberty,Oregon,2/8/20,2020,Oregon,2,14:35,30:00,,45:25,45:25,45,25,45.41666667,,13,UA,7
ArizonaStateUCDavis,ArizonaState,UCDavis,2/8/20,2020,ArizonaState,2,11:58,30:00,,48:02,48:02,48,2,48.03333333,,13,A,3
BostonCollegeUMass,BostonCollege,UMass,2/8/20,2020,Umass,2,7:59,30:00,,52:01,52:01,52,1,52.01666667,,12,A,3
DrexelJohnsHopkins,Drexel,JohnsHopkins,2/8/20,2020,JohnsHopkins,2,6:41,30:00,,53:19,53:19,53,19,53.31666667,,12,A,1
ColoradoFlorida,Colorado,Florida,2/8/20,2020,Florida,2,3:40,30:00,,56:20,56:20,56,20,56.33333333,,11,FP,0
USCHofstra,USC,Hofstra,2/8/20,2020,USC,2,2:01,30:00,,57:59,57:59,57,59,57.98333333,,9,FP,0
VirginiaNavy,Virginia,Navy,2/8/20,2020,Virginia,3,2:14,30:00,3:00,60:46,60:46,60,46,60.76666667,,14,A,0
LaSalleManhattan,LaSalle,Manhattan,2/8/20,2020,Manhattan,3,0:05,30:00,3:00,62:55,62:55,62,55,62.91666667,,12,FP,0
MarquetteNotreDame,Marquette,NotreDame,2/9/20,2020,NotreDame,1,23:55,30:00,,6:05,6:05,6,5,6.083333333,,4,A,14
HowardGardnerWebb,Howard,GardnerWebb,2/9/20,2020,GardnerWebb,1,18:28,30:00,,11:32,11:32,11,32,11.53333333,,4,UA,15
RichmondLongwood,Richmond,Longwood,2/9/20,2020,Richmond,1,18:07,30:00,,11:53,11:53,11,53,11.88333333,,7,UA,13
EastCarolinaPresbyterian,EastCarolina,Presbyterian,2/9/20,2020,EastCarolina,1,6:38,30:00,,23:22,23:22,23,22,23.36666667,,10,UA,9
RobertMorrisOhioState,RobertMorris,OhioState,2/9/20,2020,OhioState,2,22:03,30:00,,37:57,37:57,37,57,37.95,,9,UA,4
LouisvilleCincinatti,Louisville,Cincinatti,2/9/20,2020,Louisville,2,16:52,30:00,,43:08,43:08,43,8,43.13333333,md,12,UA,4
NorthwesternDuke,Northwestern,Duke,2/9/20,2020,Northwestern,2,16:30,30:00,,43:30,43:30,43,30,43.5,,21,UA,3
MichiganJacksonville,Michigan,Jacksonville,2/9/20,2020,Michigan,2,11:40,30:00,,48:20,48:20,48,20,48.33333333,mu,9,FP,1
VanderbiltWagner,Vanderbilt,Wagner,2/9/20,2020,Vanderbilt,2,8:21,30:00,,51:39,51:39,51,39,51.65,,12,A,2
StonyBrookSyracuse,StonyBrook,Syracuse,2/10/20,2020,StonyBrook,2,3:27,30:00,,56:33,56:33,56,33,56.55,,17,FP,0
LehighUMBC,Lehigh,UMBC,2/11/20,2020,Lehigh,2,19:02,30:00,,40:58,40:58,40,58,40.96666667,,12,A,5
MerrimackUNH,Merrimack,UNH,2/11/20,2020,UNH,2,16:37,30:00,,43:23,43:23,43,23,43.38333333,,10,UA,5
MaristArmy,Marist,Army,2/12/20,2020,Army,1,10:02,30:00,,19:58,19:58,19,58,19.96666667,,5,FP,11
BucknellBinghamton,Bucknell,Binghamton,2/12/20,2020,Binghamton,1,4:11,30:00,,25:49,25:49,25,49,25.81666667,,10,UA,6
KentStateOhioState,KentState,OhioState,2/12/20,2020,OhioState,2,29:16,30:00,,30:44,30:44,30,44,30.73333333,,12,UA,10
NavyStJosephs,Navy,StJosephs,2/12/20,2020,Navy,2,29:03,30:00,,30:57,30:57,30,57,30.95,,13,A,6
BostonCollegeBU,BostonCollege,BU,2/12/20,2020,BostonCollege,2,25:41,30:00,,34:19,34:19,34,19,34.31666667,,7,A,9
CentralConnecticutUMassLowell,CentralConnecticut,UMassLowell,2/12/20,2020,UMassLowell,2,24:41,30:00,,35:19,35:19,35,19,35.31666667,,8,UA,6
FairfieldUConn,Fairfield,UConn,2/12/20,2020,Uconn,2,18:31,30:00,,41:29,41:29,41,29,41.48333333,,13,A,6
VCUOldDominion,VCU,OldDominion,2/12/20,2020,OldDominion,2,18:04,30:00,,41:56,41:56,41,56,41.93333333,,14,A,4
QuinnipiacBryant,Quinnipiac,Bryant,2/12/20,2020,Bryant,2,15:36,30:00,,44:24,44:24,44,24,44.4,,13,UA,1
CoastalCarolinaCampbell,CoastalCarolina,Campbell,2/12/20,2020,CoastalCarolina,2,15:07,30:00,,44:53,44:53,44,53,44.88333333,,14,A,0
ManhattanLIU,Manhattan,LIU,2/12/20,2020,LIU,2,12:12,30:00,,47:48,47:48,47,48,47.8,,6,UA,1
CanisiusDuquesne,Canisius,Duquesne,2/12/20,2020,Duquesne,2,12:03,30:00,,47:57,47:57,47,57,47.95,,11,FP,0
RutgersTemple,Rutgers,Temple,2/12/20,2020,Rutgers,2,5:46,30:00,,54:14,54:14,54,14,54.23333333,,12,UA,1
VirginiaTechJamesMadison,VirginiaTech,JamesMadison,2/12/20,2020,JamesMadison,4,0:16,30:00,6:00,65:44,65:44,65,44,65.73333333,,9,A,0
WoffordDuke,Wofford,Duke,2/13/20,2020,Duke,1,24:03,30:00,,5:57,5:57,5,57,5.95,,6,A,14
UNCHighPoint,UNC,HighPoint,2/14/20,2020,UNC,1,24:31,30:00,,5:29,5:29,5,29,5.483333333,,4,A,20
ArizonaStateDetroitMercy,ArizonaState,DetroitMercy,2/14/20,2020,ArizonaState,1,16:33,30:00,,13:27,13:27,13,27,13.45,mu,7,FP,17
MercerGardnerWebb,Mercer,GardnerWebb,2/14/20,2020,Mercer,1,9:58,30:00,,20:02,20:02,20,2,20.03333333,,7,FP,13
StBonaventureHartford,StBonaventure,Hartford,2/14/20,2020,StBonaventure,1,3:53,30:00,,26:07,26:07,26,7,26.11666667,,9,FP,7
CincinnattiMarquette,Cincinnatti,Marquette,2/14/20,2020,Marquette,1,3:33,30:00,,26:27,26:27,26,27,26.45,,7,A,10
NiagaraBU,Niagara,BU,2/14/20,2020,BostonUniversity,2,22:19,30:00,,37:41,37:41,37,41,37.68333333,,13,UA,4
OregonJacksonville,Oregon,Jacksonville,2/14/20,2020,Jacksonville,2,22:04,30:00,,37:56,37:56,37,56,37.93333333,,11,A,6
CalUCDavis,Cal,UCDavis,2/14/20,2020,UCDavis,2,9:37,30:00,,50:23,50:23,50,23,50.38333333,,7,FP,2
NotreDameNorthwestern,NotreDame,Northwestern,2/14/20,2020,NotreDame,2,6:46,30:00,,53:14,53:14,53,14,53.23333333,mu,16,A,1
VirginiaStanford,Virginia,Stanford,2/14/20,2020,Virginia,2,3:15,30:00,,56:45,56:45,56,45,56.75,,12,UA,0
AkronPresbyterian,Akron,Presbyterian,2/14/20,2020,Presbyterian,3,2:30,30:00,3:00,60:30,60:30,60,30,60.5,,10,A,0
BucknellHofstra,Bucknell,Hofstra,2/15/20,2020,Hofstra,1,23:30,30:00,,6:30,6:30,6,30,6.5,,6,UA,12
RichmondRadford,Richmond,Radford,2/15/20,2020,Richmond,1,22:27,30:00,,7:33,7:33,7,33,7.55,,4,A,12
WoffordEastCarolina,Wofford,EastCarolina,2/15/20,2020,EastCarolina,1,18:20,30:00,,11:40,11:40,11,40,11.66666667,,6,UA,14
OhioStateStonyBrook,OhioState,StonyBrook,2/15/20,2020,StonyBrook,1,16:15,30:00,,13:45,13:45,13,45,13.75,,8,FP,12
LafayetteDelawareSt,Lafayette,DelawareSt,2/15/20,2020,Lafayette,1,15:36,30:00,,14:24,14:24,14,24,14.4,,7,FP,11
AlbanySyracuse,Albany,Syracuse,2/15/20,2020,Syracuse,1,15:17,30:00,,14:43,14:43,14,43,14.71666667,,4,A,11
ManhattanDrexel,Manhattan,Drexel,2/15/20,2020,Drexel,1,13:38,30:00,,16:22,16:22,16,22,16.36666667,,9,UA,7
SacredHeartMonmouth,SacredHeart,Monmouth,2/15/20,2020,Monmouth,1,13:11,30:00,,16:49,16:49,16,49,16.81666667,,6,A,5
LibertyVirginiaTech,Liberty,VirginiaTech,2/15/20,2020,VirginiaTech,1,9:14,30:00,,20:46,20:46,20,46,20.76666667,,6,A,14
PennGeorgetown,Penn,Georgetown,2/15/20,2020,Penn,1,6:24,30:00,,23:36,23:36,23,36,23.6,,7,UA,10
DenverLouisville,Denver,Louisville,2/15/20,2020,Denver,1,5:52,30:00,,24:08,24:08,24,8,24.13333333,,7,A,8
KentStateRobertMorris,KentState,RobertMorris,2/15/20,2020,RobertMorris,1,5:21,30:00,,24:39,24:39,24,39,24.65,,8,UA,10
ArmyColumbia,Army,Columbia,2/15/20,2020,Army,1,2:04,30:00,,27:56,27:56,27,56,27.93333333,mu,8,A,8
QuinnipiacWagner,Quinnipiac,Wagner,2/15/20,2020,Wagner,2,29:25,30:00,,30:35,30:35,30,35,30.58333333,,11,A,8
AmericanStFrancis,American,StFrancis,2/15/20,2020,American,2,27:59,30:00,,32:01,32:01,32,1,32.01666667,,13,UA,8
LehighPennState,Lehigh,PennState,2/15/20,2020,PennState,2,26:32,30:00,,33:28,33:28,33,28,33.46666667,,10,A,3
JohnsHopkinsLoyola,JohnsHopkins,Loyola,2/15/20,2020,Loyola,2,24:39,30:00,,35:21,35:21,35,21,35.35,,8,FP,8
WilliamMaryGeorgeMason,WilliamMary,GeorgeMason,2/15/20,2020,GeorgeMason,2,22:06,30:00,,37:54,37:54,37,54,37.9,,12,UA,8
DelawareRutgers,Delaware,Rutgers,2/15/20,2020,Rutgers,2,21:09,30:00,,38:51,38:51,38,51,38.85,,12,UA,1
BrownBryant,Brown,Bryant,2/15/20,2020,Brown,2,18:32,30:00,,41:28,41:28,41,28,41.46666667,,8,FP,4
DartmouthUMass,Dartmouth,UMass,2/15/20,2020,Dartmouth,2,17:00,30:00,,43:00,43:00,43,0,43,,12,FP,3
LaSalleYale,LaSalle,Yale,2/15/20,2020,Yale,2,14:23,30:00,,45:37,45:37,45,37,45.61666667,,13,UA,3
VCUUMBC,VCU,UMBC,2/15/20,2020,UMBC,2,11:09,30:00,,48:51,48:51,48,51,48.85,,8,UA,3
PrincetonTemple,Princeton,Temple,2/15/20,2020,Princeton,2,5:46,30:00,,54:14,54:14,54,14,54.23333333,,15,A,1
FresnoStateFurman,FresnoState,Furman,2/15/20,2020,Furman,2,4:58,30:00,,55:02,55:02,55,2,55.03333333,mu,12,FP,0
VillanovaCornell,Villanova,Cornell,2/15/20,2020,Cornell,2,4:15,30:00,,55:45,55:45,55,45,55.75,,12,UA,1
OldDominionWinthrop,OldDominion,Winthrop,2/15/20,2020,OldDominion,2,3:02,30:00,,56:58,56:58,56,58,56.96666667,,16,A,1
MichiganUSC,Michigan,USC,2/15/20,2020,USC,2,2:40,30:00,,57:20,57:20,57,20,57.33333333,,9,UA,1
FloridaMaryland,Florida,Maryland,2/15/20,2020,Florida,2,0:49,30:00,,59:11,59:11,59,11,59.18333333,,15,A,0
TowsonStJosephs,Towson,StJosephs,2/15/20,2020,StJosephs,2,0:46,30:00,,59:14,59:14,59,14,59.23333333,,13,A,0
GeorgeWashingtonMountStMarys,GeorgeWashington,MountStMarys,2/15/20,2020,MountStMarys,3,1:26,30:00,3:00,61:34,61:34,61,34,61.56666667,,11,A,0
BinghamtonSyracuse,Binghamton,Syracuse,2/16/20,2020,Syracuse,1,25:01,30:00,,4:59,4:59,4,59,4.983333333,,3,A,17
HartfordBU,Hartford,BU,2/16/20,2020,BostonUniversity,1,23:32,30:00,,6:28,6:28,6,28,6.466666667,,5,A,17
DavidsonUNC,Davidson,UNC,2/16/20,2020,UNC,1,21:41,30:00,,8:19,8:19,8,19,8.316666667,,6,A,16
ArizonaStateNorthwestern,ArizonaState,Northwestern,2/16/20,2020,Northwestern,1,19:39,30:00,,10:21,10:21,10,21,10.35,,13,A,15
CentralMichiganNotreDame,CentralMichigan,NotreDame,2/16/20,2020,NotreDame,1,18:04,30:00,,11:56,11:56,11,56,11.93333333,,5,A,9
SDSUStanford,SDSU,Stanford,2/16/20,2020,Stanford,1,11:47,30:00,,18:13,18:13,18,13,18.21666667,,8,A,7
NiagaraHarvard,Niagara,Harvard,2/16/20,2020,Harvard,1,11:08,30:00,,18:52,18:52,18,52,18.86666667,,4,UA,11
AkronGardnerWebb,Akron,GardnerWebb,2/16/20,2020,GardnerWebb,1,1:44,30:00,,28:16,28:16,28,16,28.26666667,,6,A,12
VirginiaCal,Virginia,Cal,2/16/20,2020,Virginia,2,29:28,30:00,,30:32,30:32,30,32,30.53333333,,8,UA,9
ColgateVermont,Colgate,Vermont,2/16/20,2020,Colgate,2,28:41,30:00,,31:19,31:19,31,19,31.31666667,,9,A,1
MercerCampbell,Mercer,Campbell,2/16/20,2020,Mercer,2,19:16,30:00,,40:44,40:44,40,44,40.73333333,,10,UA,4
VanderbiltBostonCollege,Vanderbilt,BostonCollege,2/16/20,2020,BostonCollege,2,12:53,30:00,,47:07,47:07,47,7,47.11666667,,13,FP,2
JamesMadisonUConn,JamesMadison,UConn,2/16/20,2020,JamesMadison,2,12:36,30:00,,47:24,47:24,47,24,47.4,mu,9,A,2
OregonStetson,Oregon,Stetson,2/16/20,2020,Stetson,2,7:46,30:00,,52:14,52:14,52,14,52.23333333,,16,UA,2
UNHIona,UNH,Iona,2/16/20,2020,Iona,2,6:05,30:00,,53:55,53:55,53,55,53.91666667,,9,A,0
DukeNavy,Duke,Navy,2/16/20,2020,Navy,2,4:58,30:00,,55:02,55:02,55,2,55.03333333,,16,A,0
UMassLowellHolyCross,UMassLowell,HolyCross,2/16/20,2020,HolyCross,2,4:32,30:00,,55:28,55:28,55,28,55.46666667,,6,UA,7
StBonaventureCentralConnecticut,StBonaventure,CentralConnecticut,2/16/20,2020,StBonaventure,2,4:16,30:00,,55:44,55:44,55,44,55.73333333,,10,A,0
MerrimackCanisius,Merrimack,Canisius,2/16/20,2020,Merrimack,2,0:19,30:00,,59:41,59:41,59,41,59.68333333,,10,UA,0
LongwoodDelawareSt,Longwood,DelawareSt,2/17/20,2020,Longwood,1,20:13,30:00,,9:47,9:47,9,47,9.783333333,,5,FP,17
MarquetteLouisville,Marquette,Louisville,2/17/20,2020,Louisville,1,13:04,30:00,,16:56,16:56,16,56,16.93333333,,7,FP,9
FresnoStateWinthrop,FresnoState,Winthrop,2/17/20,2020,Fresno,2,21:57,30:00,,38:03,38:03,38,3,38.05,,13,UA,4
HofstraWagner,Hofstra,Wagner,2/18/20,2020,Hofstra,2,21:44,30:00,,38:16,38:16,38,16,38.26666667,,9,UA,6
SienaBrown,Siena,Brown,2/18/20,2020,Brown,2,13:55,30:00,,46:05,46:05,46,5,46.08333333,,9,A,9
DuquesnePennState,Duquesne,PennState,2/19/20,2020,PennState,1,25:18,30:00,,4:42,4:42,4,42,4.7,mu,7,FP,13
DelawareStAmerican,DelawareSt,American,2/19/20,2020,American,1,22:22,30:00,,7:38,7:38,7,38,7.633333333,,4,UA,14
UMBCMountStMarys,UMBC,MountStMarys,2/19/20,2020,MountStMarys,1,16:49,30:00,,13:11,13:11,13,11,13.18333333,,9,A,11
RadfordVirginiaTech,Radford,VirginiaTech,2/19/20,2020,VirginiaTech,1,15:48,30:00,,14:12,14:12,14,12,14.2,,3,A,16
CampbellRichmond,Campbell,Richmond,2/19/20,2020,Richmond,1,8:41,30:00,,21:19,21:19,21,19,21.31666667,,6,FP,12
StJosephsTemple,StJosephs,Temple,2/19/20,2020,StJosephs,1,4:44,30:00,,25:16,25:16,25,16,25.26666667,mu,8,A,9
OldDominionWilliamMary,OldDominion,WilliamMary,2/19/20,2020,WilliamMary,1,3:42,30:00,,26:18,26:18,26,18,26.3,mu,5,A,6
ColumbiaFairfield,Columbia,Fairfield,2/19/20,2020,Fairfield,1,0:25,30:00,,29:35,29:35,29,35,29.58333333,,7,UA,6
MaristCornell,Marist,Cornell,2/19/20,2020,Cornell,2,29:09,30:00,,30:51,30:51,30,51,30.85,,14,FP,4
IonaArmy,Iona,Army,2/19/20,2020,Army,2,27:03,30:00,,32:57,32:57,32,57,32.95,,9,FP,7
VermontBryant,Vermont,Bryant,2/19/20,2020,Bryant,2,25:24,30:00,,34:36,34:36,34,36,34.6,,9,UA,3
DelawareGeorgeMason,Delaware,GeorgeMason,2/19/20,2020,GeorgeMason,2,25:17,30:00,,34:43,34:43,34,43,34.71666667,,9,A,2
VanderbiltKennesawState,Vanderbilt,KennesawState,2/19/20,2020,Vanderbilt,2,24:25,30:00,,35:35,35:35,35,35,35.58333333,,12,A,9
FurmanLiberty,Furman,Liberty,2/19/20,2020,Liberty,2,23:44,30:00,,36:16,36:16,36,16,36.26666667,,10,UA,6
LIUMonmouth,LIU,Monmouth,2/19/20,2020,Monmouth,2,22:17,30:00,,37:43,37:43,37,43,37.71666667,,14,A,6
CincinnattiOhioState,Cincinnatti,OhioState,2/19/20,2020,OhioState,2,19:12,30:00,,40:48,40:48,40,48,40.8,,11,A,4
TowsonLoyola,Towson,Loyola,2/19/20,2020,Loyola,2,8:52,30:00,,51:08,51:08,51,8,51.13333333,,11,UA,3
CentralConnecticutHolyCross,CentralConnecticut,HolyCross,2/20/20,2020,HolyCross,1,26:18,30:00,,3:42,3:42,3,42,3.7,,2,A,14
DetroitMercyButler,DetroitMercy,Butler,2/20/20,2020,Butler,1,11:13,30:00,,18:47,18:47,18,47,18.78333333,,5,A,14
ArizonaStateSDSU,ArizonaState,SDSU,2/20/20,2020,SDSU,2,0:24,30:00,,59:36,59:36,59,36,59.6,,19,UA,0
AkronRobertMorris,Akron,RobertMorris,2/21/20,2020,RobertMorris,1,21:21,30:00,,8:39,8:39,8,39,8.65,mu,5,A,13
VCUWofford,VCU,Wofford,2/21/20,2020,VCU,1,20:59,30:00,,9:01,9:01,9,1,9.016666667,,7,A,14
OregonDenver,Oregon,Denver,2/21/20,2020,Denver,1,18:46,30:00,,11:14,11:14,11,14,11.23333333,,8,A,13
ArmyHartford,Army,Hartford,2/21/20,2020,Army,1,14:30,30:00,,15:30,15:30,15,30,15.5,,6,A,14
BostonCollegeUSC,BostonCollege,USC,2/21/20,2020,USC,1,6:34,30:00,,23:26,23:26,23,26,23.43333333,,10,UA,8
KentStateStBonaventure,KentState,StBonaventure,2/21/20,2020,StBonaventure,2,28:45,30:00,,31:15,31:15,31,15,31.25,,8,FP,7
CanisiusMarquette,Canisius,Marquette,2/21/20,2020,Marquette,2,22:45,30:00,,37:15,37:15,37,15,37.25,,12,A,6
HarvardColorado,Harvard,Colorado,2/21/20,2020,Colorado,2,21:34,30:00,,38:26,38:26,38,26,38.43333333,,8,FP,1
UMassLowellUConn,UMassLowell,UConn,2/21/20,2020,Uconn,2,17:31,30:00,,42:29,42:29,42,29,42.48333333,,15,FP,5
MerrimackNiagara,Merrimack,Niagara,2/21/20,2020,Niagara,2,17:14,30:00,,42:46,42:46,42,46,42.76666667,,9,FP,1
CalMercer,Cal,Mercer,2/21/20,2020,Cal,2,12:08,30:00,,47:52,47:52,47,52,47.86666667,,11,A,0
LouisvilleMichigan,Louisville,Michigan,2/21/20,2020,Michigan,2,6:38,30:00,,53:22,53:22,53,22,53.36666667,,12,A,3
LehighVanderbilt,Lehigh,Vanderbilt,2/21/20,2020,Vanderbilt,3,0:31,30:00,3:00,62:29,62:29,62,29,62.48333333,,13,A,0
BryantManhattan,Bryant,Manhattan,2/22/20,2020,Bryant,1,20:22,30:00,,9:38,9:38,9,38,9.633333333,,3,A,9
LoyolaFlorida,Loyola,Florida,2/22/20,2020,Loyola,1,13:21,30:00,,16:39,16:39,16,39,16.65,,7,A,10
WilliamMaryRichmond,WilliamMary,Richmond,2/22/20,2020,Richmond,1,11:28,30:00,,18:32,18:32,18,32,18.53333333,,10,A,12
DavidsonFurman,Davidson,Furman,2/22/20,2020,Davidson,1,8:48,30:00,,21:12,21:12,21,12,21.2,,6,A,8
GeorgeWashingtonDuke,GeorgeWashington,Duke,2/22/20,2020,Duke,1,8:00,30:00,,22:00,22:00,22,0,22,,7,UA,14
MarylandUNC,Maryland,UNC,2/22/20,2020,UNC,1,6:39,30:00,,23:21,23:21,23,21,23.35,,7,A,12
StetsonFresnoState,Stetson,FresnoState,2/22/20,2020,FresnoState,1,4:11,30:00,,25:49,25:49,25,49,25.81666667,,14,UA,7
RutgersMarist,Rutgers,Marist,2/22/20,2020,Rutgers,1,2:29,30:00,,27:31,27:31,27,31,27.51666667,,8,A,9
MerrimackLafayette,Merrimack,Lafayette,2/22/20,2020,Lafayette,1,1:01,30:00,,28:59,28:59,28,59,28.98333333,,9,A,2
BUDartmouth,BU,Dartmouth,2/22/20,2020,Dartmouth,2,28:44,30:00,,31:16,31:16,31,16,31.26666667,,9,UA,7
GardnerWebbKennesawState,GardnerWebb,KennesawState,2/22/20,2020,KennesawState,2,27:49,30:00,,32:11,32:11,32,11,32.18333333,,9,A,8
UCDavisStanford,UCDavis,Stanford,2/22/20,2020,Stanford,2,25:36,30:00,,34:24,34:24,34,24,34.4,,11,UA,7
CoastalCarolinaTemple,CoastalCarolina,Temple,2/22/20,2020,Temple,2,25:10,30:00,,34:50,34:50,34,50,34.83333333,,8,FP,4
VillanovaNavy,Villanova,Navy,2/22/20,2020,Villanova,2,23:49,30:00,,36:11,36:11,36,11,36.18333333,,10,A,2
VirginiaTechElon,VirginiaTech,Elon,2/22/20,2020,VirginiaTech,2,23:23,30:00,,36:37,36:37,36,37,36.61666667,,8,FP,6
FairfieldHofstra,Fairfield,Hofstra,2/22/20,2020,Hofstra,2,22:08,30:00,,37:52,37:52,37,52,37.86666667,,14,FP,3
RadfordOldDominion,Radford,OldDominion,2/22/20,2020,OldDominion,2,20:59,30:00,,39:01,39:01,39,1,39.01666667,md,7,A,5
JamesMadisonHighPoint,JamesMadison,HighPoint,2/22/20,2020,JamesMadison,2,20:19,30:00,,39:41,39:41,39,41,39.68333333,,9,A,4
JohnsHopkinsPenn,JohnsHopkins,Penn,2/22/20,2020,Penn,2,16:59,30:00,,43:01,43:01,43,1,43.01666667,,13,A,2
ColumbiaSiena,Columbia,Siena,2/22/20,2020,Siena,2,16:50,30:00,,43:10,43:10,43,10,43.16666667,,12,A,2
GeorgetownDrexel,Georgetown,Drexel,2/22/20,2020,Georgetown,2,13:36,30:00,,46:24,46:24,46,24,46.4,,11,UA,1
AlbanyYale,Albany,Yale,2/22/20,2020,Albany,2,8:55,30:00,,51:05,51:05,51,5,51.08333333,,10,UA,2
SyracuseNorthwestern,Syracuse,Northwestern,2/22/20,2020,Syracuse,2,8:41,30:00,,51:19,51:19,51,19,51.31666667,,12,UA,4
VirginiaPrinceton,Virginia,Princeton,2/22/20,2020,Virginia,2,7:05,30:00,,52:55,52:55,52,55,52.91666667,,11,UA,1
LaSalleBucknell,LaSalle,Bucknell,2/22/20,2020,LaSalle,2,3:14,30:00,,56:46,56:46,56,46,56.76666667,,11,UA,0
EastCarolinaCampbell,EastCarolina,Campbell,2/22/20,2020,EastCarolina,2,3:00,30:00,,57:00,57:00,57,0,57,,12,FP,0
AmericanLongwood,American,Longwood,2/22/20,2020,American,2,1:35,30:00,,58:25,58:25,58,25,58.41666667,,20,FP,0
MountStMarysBinghamton,MountStMarys,Binghamton,2/22/20,2020,MountStMarys,3,0:21,30:00,3:00,62:39,62:39,62,39,62.65,,9,UA,0
JacksonvilleDetroitMercy,Jacksonville,DetroitMercy,2/23/20,2020,Jacksonville,1,26:07,30:00,,3:53,3:53,3,53,3.883333333,,5,A,17
ButlerCentralMichigan,Butler,CentralMichigan,2/23/20,2020,CentralMichigan,1,22:45,30:00,,7:15,7:15,7,15,7.25,,3,FP,11
MonmouthCentralConnecticut,Monmouth,CentralConnecticut,2/23/20,2020,Monmouth,1,20:57,30:00,,9:03,9:03,9,3,9.05,,5,FP,13
ColoradoMichigan,Colorado,Michigan,2/23/20,2020,Michigan,1,16:09,30:00,,13:51,13:51,13,51,13.85,,8,A,12
VCUPresbyterian,VCU,Presbyterian,2/23/20,2020,VCU,1,13:43,30:00,,16:17,16:17,16,17,16.28333333,,11,A,12
NiagaraMarquette,Niagara,Marquette,2/23/20,2020,Marquette,1,12:16,30:00,,17:44,17:44,17,44,17.73333333,,7,A,9
CornellPennState,Cornell,PennState,2/23/20,2020,PennState,1,7:31,30:00,,22:29,22:29,22,29,22.48333333,,10,FP,9
StFrancisAkron,StFrancis,Akron,2/23/20,2020,StFrancis,1,6:13,30:00,,23:47,23:47,23,47,23.78333333,,7,UA,5
UConnUNH,UConn,UNH,2/23/20,2020,UConn,1,5:46,30:00,,24:14,24:14,24,14,24.23333333,,9,A,12
SDSUUSC,SDSU,USC,2/23/20,2020,USC,1,1:58,30:00,,28:02,28:02,28,2,28.03333333,mu,7,A,7
HarvardDenver,Harvard,Denver,2/23/20,2020,Denver,2,26:52,30:00,,33:08,33:08,33,8,33.13333333,,7,FP,8
OhioStateNotreDame,OhioState,NotreDame,2/23/20,2020,NotreDame,2,25:56,30:00,,34:04,34:04,34,4,34.06666667,,8,A,10
VermontWagner,Vermont,Wagner,2/23/20,2020,Wagner,2,17:28,30:00,,42:32,42:32,42,32,42.53333333,,11,A,0
CalWinthrop,Cal,Winthrop,2/23/20,2020,Cal,2,14:31,30:00,,45:29,45:29,45,29,45.48333333,,8,UA,3
QuinnipiacLIU,Quinnipiac,LIU,2/23/20,2020,Quinnipiac,2,7:57,30:00,,52:03,52:03,52,3,52.05,,14,UA,1
ColgateSyracuse,Colgate,Syracuse,2/24/20,2020,Syracuse,1,21:11,30:00,,8:49,8:49,8,49,8.816666667,,5,UA,16
UMassUMassLowell,UMass,UMassLowell,2/24/20,2020,Umass,1,10:30,30:00,,19:30,19:30,19,30,19.5,,9,UA,12
ElonRadford,Elon,Radford,2/25/20,2020,Elon,1,6:49,30:00,,23:11,23:11,23,11,23.18333333,,7,FP,4
YaleHartford,Yale,Hartford,2/25/20,2020,Yale,2,25:10,30:00,,34:50,34:50,34,50,34.83333333,,11,UA,6
LaSalleTemple,LaSalle,Temple,2/25/20,2020,Temple,2,19:55,30:00,,40:05,40:05,40,5,40.08333333,,10,UA,6
LouisvilleVanderbilt,Louisville,Vanderbilt,2/25/20,2020,Louisville,2,7:42,30:00,,52:18,52:18,52,18,52.3,,14,A,1
BrownBostonCollege,Brown,BostonCollege,2/25/20,2020,BostonCollege,2,5:14,30:00,,54:46,54:46,54,46,54.76666667,,11,FP,2
VirginiaTechCincinatti,VirginiaTech,Cincinatti,2/26/20,2020,VirginiaTech,1,19:19,30:00,,10:41,10:41,10,41,10.68333333,,6,UA,14
FloridaKennesawState,Florida,KennesawState,2/26/20,2020,Florida,1,15:35,30:00,,14:25,14:25,14,25,14.41666667,,7,A,14
CentralConnecticutIona,CentralConnecticut,Iona,2/26/20,2020,Iona,1,13:26,30:00,,16:34,16:34,16,34,16.56666667,,8,A,9
DukeWilliamMary,Duke,WilliamMary,2/26/20,2020,Duke,1,5:11,30:00,,24:49,24:49,24,49,24.81666667,,9,FP,11
BinghamtonLafayette,Binghamton,Lafayette,2/26/20,2020,Binghamton,1,2:57,30:00,,27:03,27:03,27,3,27.05,,8,UA,1
LongwoodEastCarolina,Longwood,EastCarolina,2/26/20,2020,EastCarolina,2,29:46,30:00,,30:14,30:14,30,14,30.23333333,,8,FP,4
BucknellUMBC,Bucknell,UMBC,2/26/20,2020,UMBC,2,26:01,30:00,,33:59,33:59,33,59,33.98333333,mu,10,FP,3
WinthropLiberty,Winthrop,Liberty,2/26/20,2020,Liberty,2,25:28,30:00,,34:32,34:32,34,32,34.53333333,,10,UA,7
DuquesneStFrancis,Duquesne,StFrancis,2/26/20,2020,Duquesne,2,23:17,30:00,,36:43,36:43,36,43,36.71666667,,14,FP,6
AmericanGeorgeWashington,American,GeorgeWashington,2/26/20,2020,American,2,20:28,30:00,,39:32,39:32,39,32,39.53333333,,17,UA,3
ArmyMonmouth,Army,Monmouth,2/26/20,2020,Army,2,18:07,30:00,,41:53,41:53,41,53,41.88333333,,10,FP,2
GeorgeMasonMountStMarys,GeorgeMason,MountStMarys,2/26/20,2020,GeorgeMason,2,17:26,30:00,,42:34,42:34,42,34,42.56666667,,11,UA,3
PrincetonVillanova,Princeton,Villanova,2/26/20,2020,Princeton,2,16:06,30:00,,43:54,43:54,43,54,43.9,,14,A,4
HolyCrossSiena,HolyCross,Siena,2/26/20,2020,Siena,2,9:04,30:00,,50:56,50:56,50,56,50.93333333,,8,FP,5
BUFairfield,BU,Fairfield,2/26/20,2020,BU,2,5:30,30:00,,54:30,54:30,54,30,54.5,,13,A,1
RutgersPenn,Rutgers,Penn,2/26/20,2020,Penn,2,4:40,30:00,,55:20,55:20,55,20,55.33333333,,10,UA,1
JohnsHopkinsGeorgetown,JohnsHopkins,Georgetown,2/26/20,2020,JohnsHopkins,2,0:01,30:00,,59:59,59:59,59,59,59.98333333,,15,A,0
RichmondVirginia,Richmond,Virginia,2/26/20,2020,Richmond,4,0:06,30:00,6:00,65:54,65:54,65,54,65.9,,13,UA,0
MarquetteArizonaState,Marquette,ArizonaState,2/27/20,2020,ArizonaState,2,13:26,30:00,,46:34,46:34,46,34,46.56666667,,15,UA,3
QuinnipiacUConn,Quinnipiac,UConn,2/28/20,2020,UConn,1,18:07,30:00,,11:53,11:53,11,53,11.88333333,mu,5,UA,16
ButlerKentState,Butler,KentState,2/28/20,2020,Butler,1,1:11,30:00,,28:49,28:49,28,49,28.81666667,,10,UA,8
CalSDSU,Cal,SDSU,2/28/20,2020,SDSU,2,19:11,30:00,,40:49,40:49,40,49,40.81666667,,12,A,4
BryantUMassLowell,Bryant,UMassLowell,2/28/20,2020,Bryant,2,12:24,30:00,,47:36,47:36,47,36,47.6,,11,FP,5
VermontSacredHeart,Vermont,SacredHeart,2/28/20,2020,Vermont,2,11:14,30:00,,48:46,48:46,48,46,48.76666667,,8,A,1
HartfordHolyCross,Hartford,HolyCross,2/29/20,2020,HolyCross,1,19:31,30:00,,10:29,10:29,10,29,10.48333333,,6,A,13
PrincetonColumbia,Princeton,Columbia,2/29/20,2020,Princeton,1,13:27,30:00,,16:33,16:33,16,33,16.55,,8,UA,11
BinghamtonMarist,Binghamton,Marist,2/29/20,2020,Marist,1,11:29,30:00,,18:31,18:31,18,31,18.51666667,,8,A,9
FurmanJohnsHopkins,Furman,JohnsHopkins,2/29/20,2020,JohnsHopkins,1,10:29,30:00,,19:31,19:31,19,31,19.51666667,,9,A,10
GardnerWebbWofford,GardnerWebb,Wofford,2/29/20,2020,GardnerWebb,1,9:49,30:00,,20:11,20:11,20,11,20.18333333,,8,FP,13
PresbyterianKennesawState,Presbyterian,KennesawState,2/29/20,2020,KennesawState,2,27:56,30:00,,32:04,32:04,32,4,32.06666667,,12,UA,10
LibertyRichmond,Liberty,Richmond,2/29/20,2020,Richmond,2,27:51,30:00,,32:09,32:09,32,9,32.15,,10,A,8
LoyolaPennState,Loyola,PennState,2/29/20,2020,Loyola,2,27:49,30:00,,32:11,32:11,32,11,32.18333333,,13,A,9
MonmouthLehigh,Monmouth,Lehigh,2/29/20,2020,Lehigh,2,23:52,30:00,,36:08,36:08,36,8,36.13333333,,14,FP,3
PennYale,Penn,Yale,2/29/20,2020,Penn,2,22:46,30:00,,37:14,37:14,37,14,37.23333333,,6,FP,5
RadfordLaSalle,Radford,LaSalle,2/29/20,2020,LaSalle,2,20:55,30:00,,39:05,39:05,39,5,39.08333333,,6,A,6
DrexelVillanova,Drexel,Villanova,2/29/20,2020,Drexel,2,20:31,30:00,,39:29,39:29,39,29,39.48333333,mu,10,FP,7
VirginiaTechLouisville,VirginiaTech,Louisville,2/29/20,2020,VirginiaTech,2,19:31,30:00,,40:29,40:29,40,29,40.48333333,,8,UA,0
SienaArmy,Siena,Army,2/29/20,2020,Army,2,15:35,30:00,,44:25,44:25,44,25,44.41666667,,11,UA,5
SyracuseMaryland,Syracuse,Maryland,2/29/20,2020,Syracuse,2,15:09,30:00,,44:51,44:51,44,51,44.85,,6,FP,4
StonyBrookFlorida,StonyBrook,Florida,2/29/20,2020,Florida,2,11:40,30:00,,48:20,48:20,48,20,48.33333333,,11,FP,1
LafayetteIona,Lafayette,Iona,2/29/20,2020,Lafayette,2,11:33,30:00,,48:27,48:27,48,27,48.45,,6,FP,1
DetroitMercyManhattan,DetroitMercy,Manhattan,2/29/20,2020,Manhattan,2,11:13,30:00,,48:47,48:47,48,47,48.78333333,,12,UA,3
WagnerColgate,Wagner,Colgate,2/29/20,2020,Wagner,2,10:32,30:00,,49:28,49:28,49,28,49.46666667,,14,UA,5
UNCVirginia,UNC,Virginia,2/29/20,2020,UNC,2,10:12,30:00,,49:48,49:48,49,48,49.8,,13,FP,5
DavidsonElon,Davidson,Elon,2/29/20,2020,Elon,2,10:01,30:00,,49:59,49:59,49,59,49.98333333,,11,FP,0
CornellHarvard,Cornell,Harvard,2/29/20,2020,Cornell,2,9:29,30:00,,50:31,50:31,50,31,50.51666667,,9,A,0
HighPointTowson,HighPoint,Towson,2/29/20,2020,Towson,2,8:58,30:00,,51:02,51:02,51,2,51.03333333,,12,FP,0
AlbanyMichigan,Albany,Michigan,2/29/20,2020,Michigan,2,7:04,30:00,,52:56,52:56,52,56,52.93333333,,12,UA,0
LIUAmerican,LIU,American,2/29/20,2020,American,2,6:35,30:00,,53:25,53:25,53,25,53.41666667,,13,A,5
MarquetteFresnoState,Marquette,FresnoState,2/29/20,2020,Marquette,2,5:47,30:00,,54:13,54:13,54,13,54.21666667,,18,UA,0
BucknellRobertMorris,Bucknell,RobertMorris,2/29/20,2020,RobertMorris,2,5:43,30:00,,54:17,54:17,54,17,54.28333333,,9,FP,2
OldDominionLongwood,OldDominion,Longwood,2/29/20,2020,Longwood,2,3:51,30:00,,56:09,56:09,56,9,56.15,,15,UA,0
WinthropMercer,Winthrop,Mercer,2/29/20,2020,Mercer,3,1:57,30:00,3:00,61:03,61:03,61,3,61.05,,16,A,0
DartmouthBrown,Dartmouth,Brown,2/29/20,2020,Dartmouth,3,1:36,30:00,3:00,61:24,61:24,61,24,61.4,,12,FP,0
DelawareGeorgetown,Delaware,Georgetown,2/29/20,2020,Georgetown,4,2:10,30:00,6:00,63:50,63:50,63,50,63.83333333,,12,A,0
StJosephsRutgers,StJosephs,Rutgers,2/29/20,2020,Rutgers,4,1:32,30:00,6:00,64:28,64:28,64,28,64.46666667,,13,UA,0
StetsonJacksonville,Stetson,Jacksonville,3/1/20,2020,Jacksonville,1,9:40,30:00,,20:20,20:20,20,20,20.33333333,,7,A,11
DelawareStHoward,DelawareSt,Howard,3/1/20,2020,DelawareSt,1,4:35,30:00,,25:25,25:25,25,25,25.41666667,,10,UA,8
UCDavisOregon,UCDavis,Oregon,3/1/20,2020,UCDavis,2,27:54,30:00,,32:06,32:06,32,6,32.1,,9,A,5
ButlerAkron,Butler,Akron,3/1/20,2020,Butler,2,24:01,30:00,,35:59,35:59,35,59,35.98333333,,8,UA,6
OhioStateUMass,OhioState,UMass,3/1/20,2020,UMass,2,23:36,30:00,,36:24,36:24,36,24,36.4,,17,A,4
StFrancisNiagara,StFrancis,Niagara,3/1/20,2020,Niagara,2,21:19,30:00,,38:41,38:41,38,41,38.68333333,,9,UA,2
FairfieldUNH,Fairfield,UNH,3/1/20,2020,Fairfield,2,18:24,30:00,,41:36,41:36,41,36,41.6,,10,FP,5
StanfordNorthwestern,Stanford,Northwestern,3/1/20,2020,Northwestern,2,14:14,30:00,,45:46,45:46,45,46,45.76666667,mu,19,FP,6
DukeNotreDame,Duke,NotreDame,3/1/20,2020,NotreDame,2,12:59,30:00,,47:01,47:01,47,1,47.01666667,,10,A,3
EastCarolinaVCU,EastCarolina,VCU,3/1/20,2020,EastCarolina,2,12:58,30:00,,47:02,47:02,47,2,47.03333333,,13,UA,3
CampbellGeorgeWashington,Campbell,GeorgeWashington,3/1/20,2020,Campbell,2,10:34,30:00,,49:26,49:26,49,26,49.43333333,,10,A,1
CentralMichiganCincinatti,CentralMichigan,Cincinatti,3/1/20,2020,Cincinatti,2,3:33,30:00,,56:27,56:27,56,27,56.45,mu,15,FP,0
DenverVanderbilt,Denver,Vanderbilt,3/1/20,2020,Vanderbilt,2,3:27,30:00,,56:33,56:33,56,33,56.55,,14,UA,0
MerrimackDrexel,Merrimack,Drexel,3/2/20,2020,Drexel,1,11:11,30:00,,18:49,18:49,18,49,18.81666667,,7,A,7
FresnoStateArizonaState,FresnoState,ArizonaState,3/2/20,2020,ArizonaState,1,8:20,30:00,,21:40,21:40,21,40,21.66666667,,6,A,14
RobertMorrisRadford,RobertMorris,Radford,3/3/20,2020,RobertMorris,1,13:32,30:00,,16:28,16:28,16,28,16.46666667,,6,FP,11
LongwoodLouisville,Longwood,Louisville,3/3/20,2020,Louisville,1,3:51,30:00,,26:09,26:09,26,9,26.15,,8,FP,9
SacredHeartIona,SacredHeart,Iona,3/3/20,2020,Iona,2,24:45,30:00,,35:15,35:15,35,15,35.25,,7,UA,6
FloridaDartmouth,Florida,Dartmouth,3/3/20,2020,Dartmouth,2,24:12,30:00,,35:48,35:48,35,48,35.8,,10,FP,3
HolyCrossBrown,HolyCross,Brown,3/3/20,2020,Brown,2,15:52,30:00,,44:08,44:08,44,8,44.13333333,,12,UA,2
CornellColgate,Cornell,Colgate,3/3/20,2020,Colgate,2,12:04,30:00,,47:56,47:56,47,56,47.93333333,,9,UA,2
LaSalleLehigh,LaSalle,Lehigh,3/3/20,2020,Lehigh,2,11:37,30:00,,48:23,48:23,48,23,48.38333333,,16,A,2
NiagaraBinghamton,Niagara,Binghamton,3/3/20,2020,Niagara,2,4:04,30:00,,55:56,55:56,55,56,55.93333333,,11,A,1
StBonaventureWofford,StBonaventure,Wofford,3/3/20,2020,StBonaventure,2,3:42,30:00,,56:18,56:18,56,18,56.3,,14,A,0
HofstraJohnsHopkins,Hofstra,JohnsHopkins,3/3/20,2020,Hofstra,3,2:11,30:00,3:00,60:49,60:49,60,49,60.81666667,,15,UA,0
WilliamMaryVirginiaTech,WilliamMary,VirginiaTech,3/4/20,2020,VirginiaTech,1,24:25,30:00,,5:35,5:35,5,35,5.583333333,,4,FP,19
HarvardBU,Harvard,BU,3/4/20,2020,Harvard,1,18:07,30:00,,11:53,11:53,11,53,11.88333333,,5,A,8
NavyMaryland,Navy,Maryland,3/4/20,2020,Maryland,1,12:41,30:00,,17:19,17:19,17,19,17.31666667,,8,UA,8
FresnoStateDenver,FresnoState,Denver,3/4/20,2020,Denver,1,11:48,30:00,,18:12,18:12,18,12,18.2,,7,FP,13
GeorgetownGeorgeWashington,Georgetown,GeorgeWashington,3/4/20,2020,Georgetown,1,11:41,30:00,,18:19,18:19,18,19,18.31666667,,7,UA,14
DavidsonOldDominion,Davidson,OldDominion,3/4/20,2020,Davidson,1,9:05,30:00,,20:55,20:55,20,55,20.91666667,,10,UA,12
CentralMichiganMarquette,CentralMichigan,Marquette,3/4/20,2020,Marquette,1,8:23,30:00,,21:37,21:37,21,37,21.61666667,md,10,UA,9
CampbellMountStMarys,Campbell,MountStMarys,3/4/20,2020,MountStMarys,1,0:50,30:00,,29:10,29:10,29,10,29.16666667,mu,8,A,10
PennStateJamesMadison,PennState,JamesMadison,3/4/20,2020,JamesMadison,1,0:26,30:00,,29:34,29:34,29,34,29.56666667,,7,FP,9
DuquesneDelaware,Duquesne,Delaware,3/4/20,2020,Delaware,1,0:25,30:00,,29:35,29:35,29,35,29.58333333,,9,A,8
StJosephsVillanova,StJosephs,Villanova,3/4/20,2020,StJosephs,2,24:42,30:00,,35:18,35:18,35,18,35.3,,10,A,6
GeorgeMasonVirginia,GeorgeMason,Virginia,3/4/20,2020,Virginia,2,18:15,30:00,,41:45,41:45,41,45,41.75,,9,UA,5
MichiganVanderbilt,Michigan,Vanderbilt,3/4/20,2020,Michigan,2,16:35,30:00,,43:25,43:25,43,25,43.41666667,,14,FP,6
HartfordQuinnipiac,Hartford,Quinnipiac,3/4/20,2020,Quinnipiac,2,15:11,30:00,,44:49,44:49,44,49,44.81666667,mu,10,FP,6
TempleColumbia,Temple,Columbia,3/4/20,2020,Temple,2,6:38,30:00,,53:22,53:22,53,22,53.36666667,,13,UA,2
RutgersMonmouth,Rutgers,Monmouth,3/4/20,2020,Monmouth,2,6:24,30:00,,53:36,53:36,53,36,53.6,,13,A,3
MercerKennesawState,Mercer,KennesawState,3/4/20,2020,Mercer,2,5:49,30:00,,54:11,54:11,54,11,54.18333333,,11,A,2
SienaVermont,Siena,Vermont,3/4/20,2020,Vermont,2,0:23,30:00,,59:37,59:37,59,37,59.61666667,,11,UA,0
ManhattanLafayette,Manhattan,Lafayette,3/4/20,2020,Lafayette,5,2:13,30:00,9:00,66:47,66:47,66,47,66.78333333,,10,UA,0
LouisvilleUNC,Louisville,UNC,3/5/20,2020,UNC,1,11:04,30:00,,18:56,18:56,18,56,18.93333333,md,8,A,11
TowsonStonyBrook,Towson,StonyBrook,3/5/20,2020,StonyBrook,1,4:06,30:00,,25:54,25:54,25,54,25.9,,9,A,4
StBonaventureGardnerWebb,StBonaventure,GardnerWebb,3/5/20,2020,GardnerWebb,2,22:11,30:00,,37:49,37:49,37,49,37.81666667,,10,UA,7
DetroitMercyWinthrop,DetroitMercy,Winthrop,3/5/20,2020,DetroitMercy,2,10:54,30:00,,49:06,49:06,49,6,49.1,,9,UA,2
RobertMorrisLiberty,RobertMorris,Liberty,3/5/20,2020,Liberty,2,0:04,30:00,,59:56,59:56,59,56,59.93333333,,14,FP,0
DelawareStSacredHeart,DelawareSt,SacredHeart,3/6/20,2020,SacredHeart,1,25:44,30:00,,4:16,4:16,4,16,4.266666667,,3,UA,18
StFrancisHoward,StFrancis,Howard,3/6/20,2020,StFrancis,1,21:21,30:00,,8:39,8:39,8,39,8.65,,7,UA,14
OregonColorado,Oregon,Colorado,3/6/20,2020,Colorado,1,16:22,30:00,,13:38,13:38,13,38,13.63333333,,6,UA,15
CalArizonaState,Cal,ArizonaState,3/6/20,2020,ArizonaState,2,10:35,30:00,,49:25,49:25,49,25,49.41666667,,16,A,1
StanfordUSC,Stanford,USC,3/6/20,2020,USC,2,4:28,30:00,,55:32,55:32,55,32,55.53333333,,13,FP,0
StetsonCincinatti,Stetson,Cincinatti,3/6/20,2020,Cincinatti,2,4:12,30:00,,55:48,55:48,55,48,55.8,,15,A,1
ColumbiaCornell,Columbia,Cornell,3/7/20,2020,Cornell,1,15:09,30:00,,14:51,14:51,14,51,14.85,,3,UA,17
UNHDartmouth,UNH,Dartmouth,3/7/20,2020,Dartmouth,1,15:09,30:00,,14:51,14:51,14,51,14.85,,6,A,12
UMassLowellIona,UMassLowell,Iona,3/7/20,2020,UMassLowell,1,8:09,30:00,,21:51,21:51,21,51,21.85,,6,A,6
CanisiusAlbany,Canisius,Albany,3/7/20,2020,Albany,1,5:53,30:00,,24:07,24:07,24,7,24.11666667,,9,A,10
JamesMadisonRutgers,JamesMadison,Rutgers,3/7/20,2020,JamesMadison,1,5:09,30:00,,24:51,24:51,24,51,24.85,,6,UA,10
LaSalleLIU,LaSalle,LIU,3/7/20,2020,LaSalle,1,2:54,30:00,,27:06,27:06,27,6,27.1,,7,UA,11
VillanovaHarvard,Villanova,Harvard,3/7/20,2020,Harvard,1,0:21,30:00,,29:39,29:39,29,39,29.65,,6,A,10
WinthropKennesawState,Winthrop,KennesawState,3/7/20,2020,KennesawState,2,29:02,30:00,,30:58,30:58,30,58,30.96666667,,10,UA,3
RadfordHartford,Radford,Hartford,3/7/20,2020,Radford,2,28:52,30:00,,31:08,31:08,31,8,31.13333333,,13,A,5
RichmondOldDominion,Richmond,OldDominion,3/7/20,2020,Richmond,2,26:46,30:00,,33:14,33:14,33,14,33.23333333,,10,FP,12
ColgateDrexel,Colgate,Drexel,3/7/20,2020,Drexel,2,26:21,30:00,,33:39,33:39,33,39,33.65,,14,FP,4
StBonaventureAkron,StBonaventure,Akron,3/7/20,2020,StBonaventure,2,25:47,30:00,,34:13,34:13,34,13,34.21666667,,11,UA,3
OhioStateMarquette,OhioState,Marquette,3/7/20,2020,OhioState,2,23:12,30:00,,36:48,36:48,36,48,36.8,,15,UA,1
HighPointFlorida,HighPoint,Florida,3/7/20,2020,Florida,2,20:18,30:00,,39:42,39:42,39,42,39.7,,11,FP,6
WagnerSiena,Wagner,Siena,3/7/20,2020,Siena,2,18:45,30:00,,41:15,41:15,41,15,41.25,,9,UA,2
MountStMarysLafayette,MountStMarys,Lafayette,3/7/20,2020,MountStMarys,2,18:22,30:00,,41:38,41:38,41,38,41.63333333,,10,FP,2
UMBCTemple,UMBC,Temple,3/7/20,2020,Temple,2,18:17,30:00,,41:43,41:43,41,43,41.71666667,,8,UA,2
PresbyterianButler,Presbyterian,Butler,3/7/20,2020,Butler,2,17:23,30:00,,42:37,42:37,42,37,42.61666667,,10,FP,4
VirginiaDuke,Virginia,Duke,3/7/20,2020,Duke,2,17:12,30:00,,42:48,42:48,42,48,42.8,,11,UA,5
BucknellCampbell,Bucknell,Campbell,3/7/20,2020,Bucknell,2,14:51,30:00,,45:09,45:09,45,9,45.15,,11,UA,2
LoyolaPenn,Loyola,Penn,3/7/20,2020,Loyola,2,13:01,30:00,,46:59,46:59,46,59,46.98333333,,16,A,3
ArmyEastCarolina,Army,EastCarolina,3/7/20,2020,Army,2,12:35,30:00,,47:25,47:25,47,25,47.41666667,,9,A,2
JohnsHopkinsStJosephs,JohnsHopkins,StJosephs,3/7/20,2020,JohnsHopkins,2,12:31,30:00,,47:29,47:29,47,29,47.48333333,,11,A,2
HofstraMaryland,Hofstra,Maryland,3/7/20,2020,Maryland,2,11:05,30:00,,48:55,48:55,48,55,48.91666667,,12,A,4
MonmouthHolyCross,Monmouth,HolyCross,3/7/20,2020,Monmouth,2,10:09,30:00,,49:51,49:51,49,51,49.85,,14,FP,3
BostonCollegeNotreDame,BostonCollege,NotreDame,3/7/20,2020,NotreDame,2,9:47,30:00,,50:13,50:13,50,13,50.21666667,,8,A,3
BinghamtonQuinnipiac,Binghamton,Quinnipiac,3/7/20,2020,Binghamton,2,9:33,30:00,,50:27,50:27,50,27,50.45,,9,A,1
UMassUConn,UMass,UConn,3/7/20,2020,UMass,2,9:31,30:00,,50:29,50:29,50,29,50.48333333,,15,A,3
LehighFurman,Lehigh,Furman,3/7/20,2020,Lehigh,2,8:57,30:00,,51:03,51:03,51,3,51.05,,7,A,3
VCULongwood,VCU,Longwood,3/7/20,2020,VCU,2,6:27,30:00,,53:33,53:33,53,33,53.55,,14,UA,1
BrownYale,Brown,Yale,3/7/20,2020,Yale,2,1:35,30:00,,58:25,58:25,58,25,58.41666667,,11,UA,0
AmericanWofford,American,Wofford,3/7/20,2020,American,3,2:21,30:00,3:00,60:39,60:39,60,39,60.65,,20,UA,0
ElonDelaware,Elon,Delaware,3/7/20,2020,Delaware,4,2:11,30:00,6:00,63:49,63:49,63,49,63.81666667,,12,UA,0
CincinnattiKentState,Cincinnatti,KentState,3/8/20,2020,Cincinatti,1,15:31,30:00,,14:29,14:29,14,29,14.48333333,,9,A,16
StanfordArizonaState,Stanford,ArizonaState,3/8/20,2020,Stanford,1,9:05,30:00,,20:55,20:55,20,55,20.91666667,,7,A,10
CoastalCarolinaColorado,CoastalCarolina,Colorado,3/8/20,2020,Colorado,1,5:24,30:00,,24:36,24:36,24,36,24.6,,9,A,10
DetroitMercyGardnerWebb,DetroitMercy,GardnerWebb,3/8/20,2020,GardnerWebb,1,3:47,30:00,,26:13,26:13,26,13,26.21666667,mu,10,FP,10
GeorgeMasonSDSU,GeorgeMason,SDSU,3/8/20,2020,SDSU,1,3:01,30:00,,26:59,26:59,26,59,26.98333333,,9,A,4
SyracuseVirginiaTech,Syracuse,VirginiaTech,3/8/20,2020,Syracuse,1,1:36,30:00,,28:24,28:24,28,24,28.4,,9,UA,9
PrincetonStonyBrook,Princeton,StonyBrook,3/8/20,2020,StonyBrook,1,0:11,30:00,,29:49,29:49,29,49,29.81666667,,13,A,5
FresnoStateOregon,FresnoState,Oregon,3/8/20,2020,Oregon,2,28:57,30:00,,31:03,31:03,31,3,31.05,,13,FP,7
FairfieldDenver,Fairfield,Denver,3/8/20,2020,Denver,2,24:37,30:00,,35:23,35:23,35,23,35.38333333,,12,A,9
CalUSC,Cal,USC,3/8/20,2020,USC,2,19:12,30:00,,40:48,40:48,40,48,40.8,,10,FP,6
StetsonCentralMichigan,Stetson,CentralMichigan,3/8/20,2020,CentralMichigan,2,16:49,30:00,,43:11,43:11,43,11,43.18333333,,12,A,2
GeorgeWashingtonWilliamMary,GeorgeWashington,WilliamMary,3/8/20,2020,WilliamMary,2,13:27,30:00,,46:33,46:33,46,33,46.55,,18,UA,1
VermontMercer,Vermont,Mercer,3/8/20,2020,Mercer,2,8:06,30:00,,51:54,51:54,51,54,51.9,,13,A,1
PennStateVanderbilt,PennState,Vanderbilt,3/8/20,2020,PennState,2,5:50,30:00,,54:10,54:10,54,10,54.16666667,,14,UA,0
LehighDavidson,Lehigh,Davidson,3/9/20,2020,Lehigh,1,0:20,30:00,,29:40,29:40,29,40,29.66666667,,9,A,8
NiagaraLouisville,Niagara,Louisville,3/9/20,2020,Louisville,2,29:46,30:00,,30:14,30:14,30,14,30.23333333,,8,A,9
RadfordCentralConnecticut,Radford,CentralConnecticut,3/9/20,2020,Radford,2,20:29,30:00,,39:31,39:31,39,31,39.51666667,,8,FP,4
UNCNorthwestern,UNC,Northwestern,3/9/20,2020,UNC,2,6:57,30:00,,53:03,53:03,53,3,53.05,,19,UA,1
GeorgetownUCDavis,Georgetown,UCDavis,3/9/20,2020,UCDavis,2,3:57,30:00,,56:03,56:03,56,3,56.05,,15,FP,0
EastCarolinaDuke,EastCarolina,Duke,3/10/20,2020,Duke,1,15:25,30:00,,14:35,14:35,14,35,14.58333333,,7,UA,3
HolyCrossMerrimack,HolyCross,Merrimack,3/10/20,2020,HolyCross,1,12:42,30:00,,17:18,17:18,17,18,17.3,,7,UA,7
AmericanPresbyterian,American,Presbyterian,3/10/20,2020,American,1,7:22,30:00,,22:38,22:38,22,38,22.63333333,,10,A,9
NavyFlorida,Navy,Florida,3/10/20,2020,Florida,1,4:11,30:00,,25:49,25:49,25,49,25.81666667,,10,A,7
StFrancisKentState,StFrancis,KentState,3/10/20,2020,StFrancis,2,24:10,30:00,,35:50,35:50,35,50,35.83333333,,14,A,4
UMassLowellMarist,UMassLowell,Marist,3/10/20,2020,Marist,2,17:21,30:00,,42:39,42:39,42,39,42.65,,11,UA,4
OhioStateTowson,OhioState,Towson,3/10/20,2020,Towson,2,13:19,30:00,,46:41,46:41,46,41,46.68333333,,15,A,6
MonmouthWagner,Monmouth,Wagner,3/10/20,2020,Monmouth,2,7:52,30:00,,52:08,52:08,52,8,52.13333333,,15,UA,2
BucknellFurman,Bucknell,Furman,3/10/20,2020,Furman,2,7:41,30:00,,52:19,52:19,52,19,52.31666667,,15,UA,4
LafayetteRutgers,Lafayette,Rutgers,3/10/20,2020,Rutgers,2,2:26,30:00,,57:34,57:34,57,34,57.56666667,,11,A,8
AkronDuquesne,Akron,Duquesne,3/11/20,2020,Duquesne,1,27:41,30:00,,2:19,2:19,2,19,2.316666667,,3,A,22
HowardMountStMarys,Howard,MountStMarys,3/11/20,2020,MountStMarys,1,21:58,30:00,,8:02,8:02,8,2,8.033333333,,4,A,11
NotreDameVanderbilt,NotreDame,Vanderbilt,3/11/20,2020,NotreDame,1,20:56,30:00,,9:04,9:04,9,4,9.066666667,,7,A,9
DelawareStCampbell,DelawareSt,Campbell,3/11/20,2020,Campbell,1,10:57,30:00,,19:03,19:03,19,3,19.05,,10,A,7
StBonaventureCanisius,StBonaventure,Canisius,3/11/20,2020,Canisius,1,9:38,30:00,,20:22,20:22,20,22,20.36666667,,8,UA,9
HofstraBostonCollege,Hofstra,BostonCollege,3/11/20,2020,BostonCollege,1,8:59,30:00,,21:01,21:01,21,1,21.01666667,,11,A,9
TempleVillanova,Temple,Villanova,3/11/20,2020,Villanova,1,0:19,30:00,,29:41,29:41,29,41,29.68333333,mu,12,UA,1
CoastalCarolinaDenver,CoastalCarolina,Denver,3/11/20,2020,Denver,2,28:47,30:00,,31:13,31:13,31,13,31.21666667,,7,FP,6
BryantLongwood,Bryant,Longwood,3/11/20,2020,Longwood,2,28:39,30:00,,31:21,31:21,31,21,31.35,,8,FP,5
ColgateBinghamton,Colgate,Binghamton,3/11/20,2020,Binghamton,2,28:37,30:00,,31:23,31:23,31,23,31.38333333,,9,UA,3
GeorgeMasonUCDavis,GeorgeMason,UCDavis,3/11/20,2020,GeorgeMason,2,26:51,30:00,,33:09,33:09,33,9,33.15,,13,A,5
MarquetteDetroitMercy,Marquette,DetroitMercy,3/11/20,2020,Marquette,2,26:51,30:00,,33:09,33:09,33,9,33.15,,13,A,10
ButlerRobertMorris,Butler,RobertMorris,3/11/20,2020,RobertMorris,2,24:06,30:00,,35:54,35:54,35,54,35.9,,9,A,6
AlbanySiena,Albany,Siena,3/11/20,2020,Albany,2,22:33,30:00,,37:27,37:27,37,27,37.45,mu,11,A,9
ColumbiaUConn,Columbia,UConn,3/11/20,2020,UConn,2,22:08,30:00,,37:52,37:52,37,52,37.86666667,,8,A,6
QuinnipiacOldDominion,Quinnipiac,OldDominion,3/11/20,2020,Quinnipiac,2,19:10,30:00,,40:50,40:50,40,50,40.83333333,,12,FP,4
ManhattanSacredHeart,Manhattan,SacredHeart,3/11/20,2020,Manhattan,2,14:51,30:00,,45:09,45:09,45,9,45.15,,8,A,1
VermontKennesawState,Vermont,KennesawState,3/11/20,2020,Vermont,2,6:54,30:00,,53:06,53:06,53,6,53.1,,15,FP,2
VirginiaTechBrown,VirginiaTech,Brown,3/11/20,2020,Brown,2,5:00,30:00,,55:00,55:00,55,0,55,,12,FP,1
UMBCDrexel,UMBC,Drexel,3/11/20,2020,Drexel,2,3:37,30:00,,56:23,56:23,56,23,56.38333333,,10,UA,1
GardnerWebbVCU,GardnerWebb,VCU,3/11/20,2020,GardnerWebb,2,2:45,30:00,,57:15,57:15,57,15,57.25,,16,A,0
YaleFresnoState,Yale,FresnoState,3/12/20,2020,Yale,3,0:04,30:00,3:00,62:56,62:56,62,56,62.93333333,,13,A,0